,annual_cost_gbp,mean_hourly_cost_gbp,equivalent_full_cycles,co2_avoided_kg
Baseline,2700.170162133947,0.07705965074583182,100.99216683239064,355.817794774983
Batt-aware,2700.170162133947,0.07705965074583182,100.99216683239064,355.817794774983
Batt+PV-aware,2700.170162133947,0.07705965074583182,100.99216683239064,355.817794774983
